{"cameraMode":{"drawMode":0,"name":"Shaded","section":"Shading Mode"},"sceneLighting":true,"audioPlay":false,"sceneViewState":{"showFog":true,"showMaterialUpdate":false,"showSkybox":true,"showFlares":true,"showImageEffects":true,"showParticleSystems":true},"in2DMode":false,"pivot":{"x":149.0171661376953,"y":198.82907104492188,"z":-11.986649513244629},"rotation":{"x":-0.0004487124097067863,"y":0.9995025992393494,"z":-0.01680285669863224,"w":-0.026692133396863939},"size":590.7986450195313,"orthographic":false}