{"cameraMode":{"drawMode":0,"name":"Shaded","section":"Shading Mode"},"sceneLighting":false,"audioPlay":false,"sceneViewState":{"showFog":true,"showMaterialUpdate":true,"showSkybox":true,"showFlares":true,"showImageEffects":true,"showParticleSystems":true},"in2DMode":false,"pivot":{"x":0.5024539828300476,"y":-1.489669919013977,"z":-8.55731201171875},"rotation":{"x":-0.08568646013736725,"y":-0.020326562225818635,"z":0.0017474527703598142,"w":-0.9961133003234863},"size":1.581437349319458,"orthographic":false}